{"eval/loss":14.099543571472168,"eval/coco/AP":0.023350756420766172,"eval/coco/AR100":0.06831115099512539,"train/loss":25.4433,"train/learning_rate":1.9980000000000002e-05,"_step":27,"eval/steps_per_second":3.534,"_wandb":{"runtime":1190},"eval/confidence/p75_max":0.5489667057991028,"eval/runtime":14.1478,"train/global_step":1000,"eval/samples_per_second":7.068,"train/grad_norm":54.43155288696289,"_runtime":1190,"_timestamp":1.7591273859340768e+09,"global_step":1000,"train/epoch":4,"eval/coco/AP50":0.0507763760990238,"eval/confidence/mean_max":0.4593745470046997,"eval/coco/AP75":0.01982519101071294,"val_vis":{"height":720,"format":"png","count":16,"filenames":["media/images/val_vis_27_38ab357ccbcb35b8ef46.png","media/images/val_vis_27_9cc1fb8343280466ff33.png","media/images/val_vis_27_2c057fcb6cac64864823.png","media/images/val_vis_27_aa9de79845ecaf49d25a.png","media/images/val_vis_27_e9adaca4b6b6dada8bfe.png","media/images/val_vis_27_3a95e54cd2d45e6a4936.png","media/images/val_vis_27_863ae1c86dff16e84290.png","media/images/val_vis_27_41ddc7d7cbf2097605ad.png","media/images/val_vis_27_fcbf9d87d7aed5159747.png","media/images/val_vis_27_09e592d66d26c23a2e57.png","media/images/val_vis_27_8a97f9d8809e51d6bf92.png","media/images/val_vis_27_8b43d216a8fad6d7f111.png","media/images/val_vis_27_2d84163f9f6a8c45cbeb.png","media/images/val_vis_27_ee19c93edaeba61078a3.png","media/images/val_vis_27_fb9f8c56f4271c891d1a.png","media/images/val_vis_27_0556f1f9330cc8355131.png"],"captions":["GT idx=98","Pred idx=98 thr=0.01","GT idx=82","Pred idx=82 thr=0.01","GT idx=65","Pred idx=65 thr=0.01","GT idx=55","Pred idx=55 thr=0.01","GT idx=87","Pred idx=87 thr=0.01","GT idx=68","Pred idx=68 thr=0.01","GT idx=81","Pred idx=81 thr=0.01","GT idx=85","Pred idx=85 thr=0.01"],"_type":"images/separated","width":1280}}